{
  "height": 40,
  "width": 172,
  "x": 1486.59375,
  "y": 4827.6484375
}