{
  "height": 12,
  "width": 88,
  "x": 750.8046875,
  "y": 32.828125
}